Cluster,Intent,Primary Keyword,Variants,Target URL,Title,H1,Meta idea,Word Count,Internal Links
Life OS System,Transactional,buy life os notion template,"life os template, notion life os, life operating system template, best life os template",/,Kalen Life OS - Build Your Ideal Life with Notion,Kalen Life OS,Transform your life with the most powerful Notion-based life operating system,1500,5
Mindset & Identity,Informational,mindset identity sculpting,"identity development, mindset transformation, personal identity, character building, self identity",/,Mindset & Identity Sculpting - Build Your Best Self,Mindset & Identity Sculpting,Transform your mindset and sculpt your ideal identity with our comprehensive system,1800,4
Home & Household,Informational,home household management,"household organization, home management system, household planning, home life organization",/,Home & Household Management System,Home & Household,Organize your home and household with our comprehensive management system,1600,4
Family Life,Informational,family life management,"family organization, family planning, family system, family life organization",/,Family Life Management - Organize Family Life,Family Life Management,Manage and organize your family life effectively with our system,1700,4
Social Circle,Informational,social circle management,"social network management, relationship tracking, social connections, friend management",/,Social Circle Management System,Social Circle Management,Organize and maintain your social connections and relationships,1400,3
Personal Finance,Commercial,personal business finance,"finance management, money management, financial planning, business finance",/,Personal & Business Finance Management,Finance Management,Manage your personal and business finances with our comprehensive system,1900,5
Character Development,Informational,character development system,"personal character, character building, self improvement, moral development",/,Character Development System,Character Development,Build and develop your character with our comprehensive system,1600,4
Health Management,Informational,health management system,"health tracking, wellness management, health planning, fitness tracking",/,Health Management System,Health Management,Track and manage your health and wellness with our comprehensive system,1700,4
Travel Planning,Informational,travel planning system,"travel management, trip planning, travel organization, adventure planning",/,Travel Planning System,Travel Planning,Plan and organize your travels and adventures effectively,1500,3
Mind Expansion,Informational,mind expansion system,"cognitive development, mental growth, brain training, intellectual development",/,Mind Expansion System,Mind Expansion,Expand your mind and cognitive abilities with our system,1600,4
Entertainment Management,Informational,entertainment management,"leisure planning, entertainment tracking, recreation management, fun activities",/,Entertainment Management System,Entertainment Management,Organize and track your entertainment and leisure activities,1400,3
Content OS,Commercial,content operating system,"content management, content creation system, content planning, content strategy",/,Content OS - Content Management System,Content OS,Manage your content creation and strategy with our operating system,1800,4
Freelance OS,Commercial,freelance operating system,"freelance management, freelance business, freelance organization, freelance productivity",/,Freelance OS - Freelance Management System,Freelance OS,Organize and manage your freelance business with our operating system,1900,5
Product OS,Commercial,product operating system,"product management, product development, product strategy, product planning",/,Product OS - Product Management System,Product OS,Manage your product development and strategy with our operating system,1800,4
Goal Setting,Informational,goal setting alignment,"goal alignment, goal planning, objective setting, goal management",/,Goal Setting & Alignment System,Goal Setting & Alignment,Set and align your goals effectively with our comprehensive system,1700,4
Routine Builder,Informational,routine builder system,"daily routine, routine planning, schedule builder, routine management",/,Routine Builder System,Routine Builder,Build and manage your daily routines with our comprehensive system,1600,4
Habits Builder,Informational,habits builder system,"habit formation, habit building, habit development, habit tracking",/,Habits Builder System,Habits Builder,Build lasting habits with our comprehensive habit formation system,1700,4
Knowledge Management,Informational,knowledge management system,"information organization, knowledge base, learning management, information tracking",/,Knowledge Management System,Knowledge Management,Organize and manage your knowledge and learning with our system,1800,4
Skill Builder,Informational,skill builder system,"skill development, skill tracking, learning system, competency building",/,Skill Builder System,Skill Builder,Build and track your skills with our comprehensive development system,1600,4
AI Prompts Builder,Commercial,ai prompts builder,"AI prompt management, prompt organization, AI tools, prompt library",/,AI Prompts Builder System,AI Prompts Builder,Organize and manage your AI prompts and tools effectively,1500,3
Tools & Resources,Commercial,tools resources management,"resource management, tool organization, productivity tools, resource tracking",/,Tools & Resources Management,Tools & Resources,Organize and manage your tools and resources with our system,1600,4
Personal Growth,Commercial,personal business growth,"growth management, development tracking, progress monitoring, growth planning",/,Personal & Business Growth System,Personal & Business Growth,Track and manage your personal and business growth effectively,1800,4
Adventure Zone,Informational,adventure zone planning,"adventure planning, exploration tracking, adventure management, experience planning",/,Adventure Zone - Adventure Planning System,Adventure Zone,Plan and track your adventures and experiences with our system,1500,3
Alignment Zone,Informational,alignment zone system,"life alignment, purpose alignment, value alignment, life balance",/,Alignment Zone - Life Alignment System,Alignment Zone,Align your life with your values and purpose with our system,1600,4
Review Cycles,Informational,review cycles system,"life review, periodic review, reflection system, review planning",/,Review Cycles System,Review Cycles,Implement effective review cycles for continuous improvement,1500,3
Life Dashboard,Commercial,life insight dashboard,"life dashboard, life tracking, life monitoring, life analytics",/,Life Insight Dashboard - Life Analytics,Life Insight Dashboard,Monitor and analyze your life with our comprehensive dashboard,1700,4
Notion Templates,Commercial,notion templates 2025,"best notion templates, notion template collection, premium notion templates, notion productivity templates",/,Best Notion Templates 2025 - Kalen Life OS,Best Notion Templates,Discover the best Notion templates for productivity and life management,1200,3
Productivity Systems,Informational,what is a life os,"life operating system definition, how to create life os, life management system, personal operating system",/,What is a Life OS? Complete Guide to Life Operating Systems,What is a Life OS?,Learn what a Life OS is and how it can transform your productivity and life management,2000,4
Habit Tracking,Informational,habit tracking system,"habit tracker template, daily habits tracker, habit formation system, best habit tracker",/,Ultimate Habit Tracking System - Kalen Life OS,Habit Tracking System,Master habit tracking with our comprehensive system for building lasting habits,1800,3
Goal Setting,Informational,OKR template notion,"OKR template, objectives key results, goal setting template, quarterly goals",/,OKR Template for Notion - Goal Setting Made Simple,OKR Template,Set and track your goals effectively with our OKR template for Notion,1600,4
Personal Development,Commercial,personal development system,"self improvement system, personal growth template, life improvement tools, development framework",/,Personal Development System - Transform Your Life,Personal Development,Accelerate your personal development with our comprehensive life management system,1400,3
Second Brain,Commercial,second brain vs life os,"second brain template, life os vs second brain, knowledge management system, digital brain",/,Second Brain vs Life OS - Which System is Right for You?,Second Brain vs Life OS,Compare Second Brain and Life OS systems to find the perfect productivity solution,2200,5
Life Management,Informational,life management system,"life organization system, life planning template, life structure, life framework",/,Complete Life Management System - Organize Your Life,Life Management System,Organize every aspect of your life with our comprehensive management system,1700,4
Productivity Tools,Commercial,productivity tools 2025,"best productivity tools, productivity apps, productivity system, efficiency tools",/,Best Productivity Tools 2025 - Kalen Life OS,Productivity Tools,Discover the best productivity tools and systems for 2025,1300,3
Time Management,Informational,time management system,"time blocking template, time tracking system, schedule management, time optimization",/,Time Management System - Master Your Schedule,Time Management,Optimize your time with our comprehensive time management system,1500,3
Brand Specific,Transactional,kalen life os,"kalenlifeos, kalen life operating system, kalen notion template, kalen productivity system",/,Kalen Life OS - Official Notion Template,Kalen Life OS,Get the official Kalen Life OS Notion template for ultimate productivity,1000,2
Notion Life Template,Commercial,notion life template,"life template notion, notion life management, notion life planning, notion life system",/,Notion Life Template - Complete Life Management,Notion Life Template,Complete life management template for Notion users,1100,3
Life Planning,Informational,life planning template,"life plan template, life roadmap, life strategy template, life goals template",/,Life Planning Template - Design Your Ideal Life,Life Planning Template,Design and plan your ideal life with our comprehensive template,1900,4
Productivity Framework,Commercial,productivity framework,"productivity system, efficiency framework, work system, productivity method",/,Productivity Framework - Work Smarter,Productivity Framework,Implement a proven productivity framework to work smarter and achieve more,1400,3
Life Organization,Informational,life organization system,"organize your life, life structure template, life organization tools, life management framework",/,Life Organization System - Get Organized,Life Organization,Get your life organized with our comprehensive organization system,1600,4
Notion Productivity,Commercial,notion productivity system,"notion productivity template, notion work system, notion efficiency, notion organization",/,Notion Productivity System - Work Better,Notion Productivity,Transform your productivity with our Notion-based system,1200,3
Personal Operating System,Informational,personal operating system,"personal system, individual operating system, personal framework, personal methodology",/,Personal Operating System - Your Life's OS,Personal Operating System,Build your personal operating system for maximum efficiency and success,2000,5
Life Optimization,Commercial,life optimization system,"optimize your life, life improvement system, life enhancement, life betterment",/,Life Optimization System - Live Better,Life Optimization,Optimize every aspect of your life with our comprehensive system,1500,3
Goal Achievement,Informational,goal achievement system,"achieve goals, goal success, goal completion, goal tracking system",/,Goal Achievement System - Reach Your Dreams,Goal Achievement,Build a system to achieve all your goals and dreams,1700,4
Work Life Balance,Commercial,work life balance system,"balance work and life, work life harmony, life balance template, work life management",/,Work Life Balance System - Find Harmony,Work Life Balance,Achieve perfect work-life balance with our comprehensive system,1600,4
Digital Organization,Informational,digital organization system,"digital life organization, digital management, digital productivity, digital efficiency",/,Digital Organization System - Organize Digitally,Digital Organization,Organize your digital life with our comprehensive system,1400,3
Life Transformation,Commercial,life transformation system,"transform your life, life change system, life improvement, life upgrade",/,Life Transformation System - Change Your Life,Life Transformation,Transform your life with our proven system and templates,1800,4
Productivity Mastery,Informational,productivity mastery,"master productivity, productivity skills, productivity techniques, productivity methods",/,Productivity Mastery - Master Your Productivity,Productivity Mastery,Master productivity with our comprehensive system and techniques,1900,5
Life Success,Commercial,life success system,"success system, life achievement, success template, life winning",/,Life Success System - Achieve Success,Life Success,Build a system for life success and achievement,1500,3
Notion Workflow,Commercial,notion workflow system,"notion workflow template, notion process, notion automation, notion efficiency",/,Notion Workflow System - Streamline Work,Notion Workflow,Streamline your work with our Notion workflow system,1300,3
Life Efficiency,Informational,life efficiency system,"efficient life, life optimization, efficiency template, life streamlining",/,Life Efficiency System - Live Efficiently,Life Efficiency,Make your life more efficient with our comprehensive system,1600,4
Personal Growth,Commercial,personal growth system,"growth system, personal development, growth template, self improvement",/,Personal Growth System - Grow Personally,Personal Growth,Accelerate your personal growth with our proven system,1400,3
Life Mastery,Informational,life mastery system,"master your life, life control, life mastery template, life leadership",/,Life Mastery System - Master Your Life,Life Mastery,Master every aspect of your life with our comprehensive system,2000,5
Productivity Tools 2025,Commercial,productivity tools 2025,"best productivity tools 2025, productivity apps 2025, efficiency tools 2025, productivity software 2025",/,Best Productivity Tools 2025 - Kalen Life OS,Productivity Tools 2025,Discover the best productivity tools and systems for 2025,1300,3
Life Management Tools,Commercial,life management tools,"life tools, management tools, life organization tools, life planning tools",/,Life Management Tools - Essential Tools,Life Management Tools,Essential tools for effective life management and organization,1200,3
Notion Life System,Commercial,notion life system,"notion system, life system notion, notion life management, notion life organization",/,Notion Life System - Complete System,Notion Life System,Complete life management system built for Notion,1100,3
Productivity System 2025,Commercial,productivity system 2025,"best productivity system 2025, productivity method 2025, efficiency system 2025, work system 2025",/,Best Productivity System 2025 - Kalen Life OS,Productivity System 2025,The best productivity system for 2025 and beyond,1400,3
Life Operating System Guide,Informational,life operating system guide,"life os guide, how to build life os, life system guide, operating system guide",/,Life Operating System Guide - Build Your OS,Life Operating System Guide,Complete guide to building your personal life operating system,2200,5
Notion Template Collection,Commercial,notion template collection,"notion templates, template collection, notion library, template library",/,Notion Template Collection - Premium Templates,Notion Template Collection,Premium collection of Notion templates for productivity and life management,1000,2
Productivity Framework 2025,Commercial,productivity framework 2025,"productivity framework, efficiency framework 2025, work framework, productivity method 2025",/,Productivity Framework 2025 - Work Smarter,Productivity Framework 2025,Modern productivity framework for 2025 and beyond,1400,3
Life Organization Tools,Commercial,life organization tools,"organization tools, life tools, organizing tools, life management tools",/,Life Organization Tools - Get Organized,Life Organization Tools,Essential tools for organizing your life effectively,1200,3
Personal Development System,Commercial,personal development system,"development system, personal growth system, self improvement system, growth framework",/,Personal Development System - Grow Faster,Personal Development System,Accelerate your personal development with our proven system,1500,3
